--
-- PostgreSQL database dump
--

-- Dumped from database version 14.4
-- Dumped by pg_dump version 14.4

SET statement_timeout = 0;
SET lock_timeout = 0;
SET idle_in_transaction_session_timeout = 0;
SET client_encoding = 'UTF8';
SET standard_conforming_strings = on;
SELECT pg_catalog.set_config('search_path', '', false);
SET check_function_bodies = false;
SET xmloption = content;
SET client_min_messages = warning;
SET row_security = off;

SET default_tablespace = '';

SET default_table_access_method = heap;

--
-- Name: category; Type: TABLE; Schema: public; Owner: postgres
--

CREATE TABLE public.category (
    id integer NOT NULL,
    name text NOT NULL
);


ALTER TABLE public.category OWNER TO postgres;

--
-- Name: category_id_seq; Type: SEQUENCE; Schema: public; Owner: postgres
--

ALTER TABLE public.category ALTER COLUMN id ADD GENERATED BY DEFAULT AS IDENTITY (
    SEQUENCE NAME public.category_id_seq
    START WITH 1
    INCREMENT BY 1
    NO MINVALUE
    NO MAXVALUE
    CACHE 1
);


--
-- Name: image; Type: TABLE; Schema: public; Owner: postgres
--

CREATE TABLE public.image (
    id integer NOT NULL,
    file_name character varying(255),
    product_id integer NOT NULL
);


ALTER TABLE public.image OWNER TO postgres;

--
-- Name: image_id_seq; Type: SEQUENCE; Schema: public; Owner: postgres
--

ALTER TABLE public.image ALTER COLUMN id ADD GENERATED BY DEFAULT AS IDENTITY (
    SEQUENCE NAME public.image_id_seq
    START WITH 1
    INCREMENT BY 1
    NO MINVALUE
    NO MAXVALUE
    CACHE 1
);


--
-- Name: orders; Type: TABLE; Schema: public; Owner: postgres
--

CREATE TABLE public.orders (
    id integer NOT NULL,
    count integer NOT NULL,
    date_time timestamp without time zone,
    number character varying(255),
    price real NOT NULL,
    status integer,
    person_id integer NOT NULL,
    product_id integer NOT NULL
);


ALTER TABLE public.orders OWNER TO postgres;

--
-- Name: orders_id_seq; Type: SEQUENCE; Schema: public; Owner: postgres
--

ALTER TABLE public.orders ALTER COLUMN id ADD GENERATED BY DEFAULT AS IDENTITY (
    SEQUENCE NAME public.orders_id_seq
    START WITH 1
    INCREMENT BY 1
    NO MINVALUE
    NO MAXVALUE
    CACHE 1
);


--
-- Name: person; Type: TABLE; Schema: public; Owner: postgres
--

CREATE TABLE public.person (
    id integer NOT NULL,
    login character varying(100),
    password character varying(255),
    role character varying(255)
);


ALTER TABLE public.person OWNER TO postgres;

--
-- Name: person_id_seq; Type: SEQUENCE; Schema: public; Owner: postgres
--

ALTER TABLE public.person ALTER COLUMN id ADD GENERATED BY DEFAULT AS IDENTITY (
    SEQUENCE NAME public.person_id_seq
    START WITH 1
    INCREMENT BY 1
    NO MINVALUE
    NO MAXVALUE
    CACHE 1
);


--
-- Name: product; Type: TABLE; Schema: public; Owner: postgres
--

CREATE TABLE public.product (
    id integer NOT NULL,
    date_time timestamp without time zone,
    description text NOT NULL,
    price real NOT NULL,
    seller text NOT NULL,
    title text NOT NULL,
    warehouse character varying(255) NOT NULL,
    category_id integer NOT NULL,
    CONSTRAINT product_price_check CHECK ((price >= (1)::double precision))
);


ALTER TABLE public.product OWNER TO postgres;

--
-- Name: product_cart; Type: TABLE; Schema: public; Owner: postgres
--

CREATE TABLE public.product_cart (
    id integer NOT NULL,
    person_id integer,
    product_id integer
);


ALTER TABLE public.product_cart OWNER TO postgres;

--
-- Name: product_cart_id_seq; Type: SEQUENCE; Schema: public; Owner: postgres
--

ALTER TABLE public.product_cart ALTER COLUMN id ADD GENERATED BY DEFAULT AS IDENTITY (
    SEQUENCE NAME public.product_cart_id_seq
    START WITH 1
    INCREMENT BY 1
    NO MINVALUE
    NO MAXVALUE
    CACHE 1
);


--
-- Name: product_id_seq; Type: SEQUENCE; Schema: public; Owner: postgres
--

ALTER TABLE public.product ALTER COLUMN id ADD GENERATED BY DEFAULT AS IDENTITY (
    SEQUENCE NAME public.product_id_seq
    START WITH 1
    INCREMENT BY 1
    NO MINVALUE
    NO MAXVALUE
    CACHE 1
);


--
-- Data for Name: category; Type: TABLE DATA; Schema: public; Owner: postgres
--

INSERT INTO public.category (id, name) VALUES (1, 'Alize');
INSERT INTO public.category (id, name) VALUES (2, 'Gazzal');
INSERT INTO public.category (id, name) VALUES (3, 'Menca');
INSERT INTO public.category (id, name) VALUES (4, 'Schachenmayr');
INSERT INTO public.category (id, name) VALUES (5, 'YarnArt');
INSERT INTO public.category (id, name) VALUES (10, 'Масло');


--
-- Data for Name: image; Type: TABLE DATA; Schema: public; Owner: postgres
--

INSERT INTO public.image (id, file_name, product_id) VALUES (1, '17eff8b6-f955-4681-8265-06d801b53533.skfkr1t7sn3hjc4f3hrdcxn5j9rsn1ww.webp', 1);
INSERT INTO public.image (id, file_name, product_id) VALUES (2, '74c7a9cd-e47a-468f-b299-6c3dcabe730e.', 1);
INSERT INTO public.image (id, file_name, product_id) VALUES (3, '9b31f3f6-7bd8-438b-aae7-661ef2daabee.', 1);
INSERT INTO public.image (id, file_name, product_id) VALUES (4, '6b5d1dcf-ac51-4928-8b1a-51b4da1fba96.', 1);
INSERT INTO public.image (id, file_name, product_id) VALUES (5, '9c3b4094-efee-437d-9046-e9ab141b995c.', 1);
INSERT INTO public.image (id, file_name, product_id) VALUES (6, '61904d4c-1e6c-4bbf-aeae-88c4a55c852b.srn68ine6ljr4z8fod6p2po6kaqcx2a7.webp', 2);
INSERT INTO public.image (id, file_name, product_id) VALUES (7, 'bae496c8-528c-48ff-86dc-45ee1fe5f864.', 2);
INSERT INTO public.image (id, file_name, product_id) VALUES (8, 'aa076c37-2d20-42ee-9809-f9f0b702a592.', 2);
INSERT INTO public.image (id, file_name, product_id) VALUES (9, '2c3f1fed-e592-4146-8446-df660a3fffef.', 2);
INSERT INTO public.image (id, file_name, product_id) VALUES (10, 'b68d2e13-908d-499b-a443-b1bc5c541dd9.', 2);
INSERT INTO public.image (id, file_name, product_id) VALUES (11, '05441cde-8377-4ef9-8bd9-2a1613156a27.0uqzsdafax7d48ak5he0ofig50le023x.webp', 3);
INSERT INTO public.image (id, file_name, product_id) VALUES (12, 'a5536e6e-7e79-4f82-b4cd-f827776f920b.', 3);
INSERT INTO public.image (id, file_name, product_id) VALUES (13, '942d369a-c70f-4d2a-8a10-26adac40e69d.', 3);
INSERT INTO public.image (id, file_name, product_id) VALUES (14, '8287ce33-4707-4774-bea4-7c0e9ed0321b.', 3);
INSERT INTO public.image (id, file_name, product_id) VALUES (15, 'b3374d08-59e0-4037-898f-1fb5e69f988c.', 3);
INSERT INTO public.image (id, file_name, product_id) VALUES (16, '92a706b9-cd14-495e-b154-7b27565805c0.5oxs74tcn0mbx0pni7smuoerixaap372.webp', 4);
INSERT INTO public.image (id, file_name, product_id) VALUES (17, '6e6c1c5f-e99f-4bce-a873-8dbbd62b13df.', 4);
INSERT INTO public.image (id, file_name, product_id) VALUES (18, '65e35f21-3c41-4e60-afc9-d7058c329252.', 4);
INSERT INTO public.image (id, file_name, product_id) VALUES (19, '8979e9b9-85c1-4500-a97e-c7e69d4e1b3e.', 4);
INSERT INTO public.image (id, file_name, product_id) VALUES (20, 'faca7b56-d0d9-4853-95dc-95b61e9097e9.', 4);
INSERT INTO public.image (id, file_name, product_id) VALUES (21, '4890b117-afc6-4cc2-8f6a-852ab44152a1.c24lms61fs7kkffjgnrhxo8ff9do816k.webp', 5);
INSERT INTO public.image (id, file_name, product_id) VALUES (22, '99cbb830-ee33-4a3c-a68c-557549b46d7c.', 5);
INSERT INTO public.image (id, file_name, product_id) VALUES (23, '109153ce-b827-47b6-a28b-9678977f78c8.', 5);
INSERT INTO public.image (id, file_name, product_id) VALUES (24, 'c4cb19ac-9832-4ad8-af19-4a1004633723.', 5);
INSERT INTO public.image (id, file_name, product_id) VALUES (25, '7a6ba15e-cb18-453e-b4c6-c2b9362b357e.', 5);
INSERT INTO public.image (id, file_name, product_id) VALUES (26, '3f6a6227-86de-4d46-9954-60a315753c35.3rni8sv7r4xixxzwynt6olxgkzcua9ke.webp', 6);
INSERT INTO public.image (id, file_name, product_id) VALUES (27, '605440c6-56b9-494b-8962-98735562a5d7.', 6);
INSERT INTO public.image (id, file_name, product_id) VALUES (28, '116e3b88-c344-4e0d-98aa-baf92d64d5b5.', 6);
INSERT INTO public.image (id, file_name, product_id) VALUES (29, '828c308b-b903-40bf-81c8-af42c6d7403e.', 6);
INSERT INTO public.image (id, file_name, product_id) VALUES (30, 'd4f7ca74-de40-4e42-8e89-f032e4f6074a.', 6);
INSERT INTO public.image (id, file_name, product_id) VALUES (31, '6678b2c8-bc85-471b-a84c-8588c8351447.x4v26j344kikhqdzb0rsd6m20r7bnsm5.webp', 7);
INSERT INTO public.image (id, file_name, product_id) VALUES (32, 'c1f93ff1-6761-49de-bc2a-2cc281ea37ee.', 7);
INSERT INTO public.image (id, file_name, product_id) VALUES (33, '14ebd08f-a7a8-4a60-b3dc-17a3a7d09fd9.', 7);
INSERT INTO public.image (id, file_name, product_id) VALUES (34, '59e22b96-5fd0-465a-99fe-aa6614c7a96e.', 7);
INSERT INTO public.image (id, file_name, product_id) VALUES (35, 'a75fdf98-b7f2-489d-b375-5ebd9bab5838.', 7);
INSERT INTO public.image (id, file_name, product_id) VALUES (36, '021c665d-60d8-4306-b0f0-a0e4b93b3345.x3chyu5te1x771a2bcls8xq9ku0ymuvy.webp', 8);
INSERT INTO public.image (id, file_name, product_id) VALUES (37, 'b77313d4-fbeb-4a5c-8af3-e71f3ad8318b.', 8);
INSERT INTO public.image (id, file_name, product_id) VALUES (38, 'f7867299-c07a-45dc-84af-9b2af8d8d6b1.', 8);
INSERT INTO public.image (id, file_name, product_id) VALUES (39, '824dd072-5fd1-42a7-8172-ae548881bd3f.', 8);
INSERT INTO public.image (id, file_name, product_id) VALUES (40, 'a6a8f44f-d2dd-4b9c-bbd5-223b29d22d6e.', 8);
INSERT INTO public.image (id, file_name, product_id) VALUES (41, '74c726a0-af15-42e5-9693-abed53b7887d.to9h9n9ojgn1ez9yiixk296wc408upsz.webp', 9);
INSERT INTO public.image (id, file_name, product_id) VALUES (42, 'ac85f55f-d224-474e-87cb-eb5cc2cb767a.', 9);
INSERT INTO public.image (id, file_name, product_id) VALUES (43, '2b827f43-2341-4cc1-b1f7-05c7e108f403.', 9);
INSERT INTO public.image (id, file_name, product_id) VALUES (44, '6f7447f8-550a-44db-892f-ab43a4dd1f0c.', 9);
INSERT INTO public.image (id, file_name, product_id) VALUES (45, 'f0c80e5b-f511-4bec-9bb3-b353f95a771c.', 9);
INSERT INTO public.image (id, file_name, product_id) VALUES (46, '4b3cd67a-13e2-45ad-b535-53d5bb1944f5.izjit5wwqgvwz7irkr5gcf0xjm4eclns.webp', 10);
INSERT INTO public.image (id, file_name, product_id) VALUES (47, 'fdaa237a-a352-4f6c-8960-466077b1c03f.', 10);
INSERT INTO public.image (id, file_name, product_id) VALUES (48, 'eecbfa06-9785-4eb0-8e0c-2303229712ae.', 10);
INSERT INTO public.image (id, file_name, product_id) VALUES (49, 'ec861863-7e93-404d-ab79-9bd40135e2b5.', 10);
INSERT INTO public.image (id, file_name, product_id) VALUES (50, 'cb40b257-8715-4bdf-8d20-8eb410d26c46.', 10);
INSERT INTO public.image (id, file_name, product_id) VALUES (51, '1ad55ff0-4b5e-465c-9e43-3693cf5bb0f1.nbsgajo7ykzyzp5tjlc2w5q1xqk11lkd.webp', 11);
INSERT INTO public.image (id, file_name, product_id) VALUES (52, '1ca4c253-0f9f-4e0b-93da-e7e7ed389dd1.', 11);
INSERT INTO public.image (id, file_name, product_id) VALUES (53, '274a5d4d-2016-44f4-969a-9cc6d458e3ef.', 11);
INSERT INTO public.image (id, file_name, product_id) VALUES (54, 'edc5d038-bf40-4b4e-a2e3-badfe0184f9d.', 11);
INSERT INTO public.image (id, file_name, product_id) VALUES (55, 'a9ec3a97-bd10-41c1-a486-b972c3d88b8f.', 11);
INSERT INTO public.image (id, file_name, product_id) VALUES (56, 'a04f8fb9-9b08-413d-bb9d-9eef86efb9c3.df5aqvmp5154k59mzucafxlnosbzfca7.webp', 12);
INSERT INTO public.image (id, file_name, product_id) VALUES (57, '3d1614cb-5ff4-4a0f-b141-d9b0394c8e7d.', 12);
INSERT INTO public.image (id, file_name, product_id) VALUES (58, '4feebf52-e98c-49a3-9346-3b03e5d71100.', 12);
INSERT INTO public.image (id, file_name, product_id) VALUES (59, '86aae14d-bf4f-45ba-a160-88a6aaa2c475.', 12);
INSERT INTO public.image (id, file_name, product_id) VALUES (60, '4ee33f1f-cea5-40b3-99f4-db048844f3b2.', 12);
INSERT INTO public.image (id, file_name, product_id) VALUES (61, '183f1626-ac1a-4d32-b12a-4bcbad5968b5.t6mwphonbsbnl1ps5pccvr6rqi5f0z0y.webp', 13);
INSERT INTO public.image (id, file_name, product_id) VALUES (62, '3a344a34-4515-4315-9cd8-3950a5e29397.', 13);
INSERT INTO public.image (id, file_name, product_id) VALUES (63, '2e2de5f0-d88e-45af-b5ae-c17ba9a03c28.', 13);
INSERT INTO public.image (id, file_name, product_id) VALUES (64, '3da0e690-3621-4ae6-8cba-d36adacef6c2.', 13);
INSERT INTO public.image (id, file_name, product_id) VALUES (65, '9ce946da-119d-4eb6-afae-362c9ea24c0f.', 13);
INSERT INTO public.image (id, file_name, product_id) VALUES (66, 'e88fd44f-8e87-41a9-b932-6c66073648ab.qhv66uo71u8ol2stjjxan0jxxipeuzro.webp', 14);
INSERT INTO public.image (id, file_name, product_id) VALUES (67, '3071ec83-4283-456f-870b-92f95cb321f8.', 14);
INSERT INTO public.image (id, file_name, product_id) VALUES (68, '1f788a32-03f5-49b3-959b-4831bc41da7c.', 14);
INSERT INTO public.image (id, file_name, product_id) VALUES (69, 'aa20135a-937d-4e60-a1d5-53088f434977.', 14);
INSERT INTO public.image (id, file_name, product_id) VALUES (70, 'e3360575-dcd0-40d2-b71d-f1312b27f877.', 14);
INSERT INTO public.image (id, file_name, product_id) VALUES (71, 'ee1fb71a-8211-4bb4-aca0-257306d95e72.1si925ub7adp99yk3lduwuu9ft03efks.webp', 15);
INSERT INTO public.image (id, file_name, product_id) VALUES (72, '359e5112-885b-4de8-af38-8d0d1ecd9a79.', 15);
INSERT INTO public.image (id, file_name, product_id) VALUES (73, '74230a7d-8628-46c3-af8d-7c605261a096.', 15);
INSERT INTO public.image (id, file_name, product_id) VALUES (74, '9b2b2cb6-e70c-47ab-90c2-5b4e6af1462f.', 15);
INSERT INTO public.image (id, file_name, product_id) VALUES (75, '9adf4507-2118-4e52-ab5b-26f5057129e4.', 15);


--
-- Data for Name: orders; Type: TABLE DATA; Schema: public; Owner: postgres
--

INSERT INTO public.orders (id, count, date_time, number, price, status, person_id, product_id) VALUES (1, 1, '2022-12-11 18:06:28.749195', '2bef3a50-ec32-49c6-970f-85edd828d515', 339, 5, 2, 1);
INSERT INTO public.orders (id, count, date_time, number, price, status, person_id, product_id) VALUES (2, 1, '2022-12-11 18:06:28.903329', '2bef3a50-ec32-49c6-970f-85edd828d515', 339, 5, 2, 3);
INSERT INTO public.orders (id, count, date_time, number, price, status, person_id, product_id) VALUES (3, 1, '2022-12-11 18:09:00.473569', 'f382c8b9-620b-41c8-83f4-39e742631dd0', 339, 5, 2, 3);
INSERT INTO public.orders (id, count, date_time, number, price, status, person_id, product_id) VALUES (4, 1, '2022-12-11 18:09:00.578705', 'f382c8b9-620b-41c8-83f4-39e742631dd0', 599, 5, 2, 11);
INSERT INTO public.orders (id, count, date_time, number, price, status, person_id, product_id) VALUES (5, 1, '2022-12-11 20:05:36.882515', 'f02e0099-6f90-4cca-9987-218e8d050ede', 339, 5, 2, 1);
INSERT INTO public.orders (id, count, date_time, number, price, status, person_id, product_id) VALUES (6, 1, '2022-12-11 20:09:08.290292', 'c666ee42-9fe7-4e71-a852-5f44e3b89a4d', 339, 5, 2, 1);
INSERT INTO public.orders (id, count, date_time, number, price, status, person_id, product_id) VALUES (7, 1, '2022-12-11 20:24:51.117281', '59c136da-edb1-4287-86a4-c1cd0feff105', 339, 5, 2, 2);
INSERT INTO public.orders (id, count, date_time, number, price, status, person_id, product_id) VALUES (8, 1, '2022-12-11 21:13:28.225169', '11b7a16c-25e3-4d50-9c5e-f0b63eeddc9b', 339, 5, 2, 2);
INSERT INTO public.orders (id, count, date_time, number, price, status, person_id, product_id) VALUES (9, 1, '2022-12-11 21:34:23.675099', '674f1364-671d-4bc6-97d8-dcd8739119b3', 339, 5, 2, 2);
INSERT INTO public.orders (id, count, date_time, number, price, status, person_id, product_id) VALUES (10, 1, '2022-12-11 21:34:44.701757', 'd9d50223-5971-45d4-a141-9455c6035f53', 339, 5, 2, 3);


--
-- Data for Name: person; Type: TABLE DATA; Schema: public; Owner: postgres
--

INSERT INTO public.person (id, login, password, role) VALUES (1, 'admin', '$2a$10$KBslSt5PWoqBo3nJ2ZUF/uuwe5Qc0rk9RTGbAl.7AsA1v4iTnEuP.', 'ROLE_ADMIN');
INSERT INTO public.person (id, login, password, role) VALUES (2, 'user_test', '$2a$10$Oo/xJ5iStRX024VdDnn1E.Xp5DLRoQdqlYmiQcgUmfiYcezp9Vbj2', 'ROLE_USER');


--
-- Data for Name: product; Type: TABLE DATA; Schema: public; Owner: postgres
--

INSERT INTO public.product (id, date_time, description, price, seller, title, warehouse, category_id) VALUES (2, '2022-12-11 16:42:12.386822', 'Вес мотка: 100г
Длина нити на вес мотка: 400м
92% Микрофибра (Акрил) / 8% Эластан', 339, 'Market', 'Пряжа Alize Diva Stretch цвет 382', 'Турция', 1);
INSERT INTO public.product (id, date_time, description, price, seller, title, warehouse, category_id) VALUES (3, '2022-12-11 16:43:34.376476', 'Вес мотка: 100г
Длина нити на вес мотка: 400м
92% Микрофибра (Акрил) / 8% Эластан', 339, 'Market', 'Пряжа Alize Diva Stretch цвет 376', 'Турция', 1);
INSERT INTO public.product (id, date_time, description, price, seller, title, warehouse, category_id) VALUES (4, '2022-12-11 16:45:20.243935', 'Gazzal Giza Matte цвет желтый
100гр/250м метров
100% хлопок', 299, 'Market', 'Пряжа GAZZAL Giza Matte цвет 5583', 'Турция', 2);
INSERT INTO public.product (id, date_time, description, price, seller, title, warehouse, category_id) VALUES (5, '2022-12-11 16:46:17.394667', 'Gazzal Giza Matte цвет зеленый
100гр/250м метров
100% хлопок', 299, 'Market', 'Пряжа GAZZAL Giza Matte цвет 5558', 'Турция', 2);
INSERT INTO public.product (id, date_time, description, price, seller, title, warehouse, category_id) VALUES (6, '2022-12-11 16:47:28.623475', 'Gazzal Giza Matte цвет коричневый
100гр/250м метров
100% хлопок', 299, 'Market', 'Пряжа GAZZAL Giza Matte цвет 5588', 'Турция', 1);
INSERT INTO public.product (id, date_time, description, price, seller, title, warehouse, category_id) VALUES (7, '2022-12-11 16:48:58.354104', 'Gazzal Giza Matte цвет сиреневый
100гр/250м метров
100% хлопок', 299, 'Market', 'Пряжа GAZZAL Giza Matte цвет 5571', 'Турция', 1);
INSERT INTO public.product (id, date_time, description, price, seller, title, warehouse, category_id) VALUES (8, '2022-12-11 16:51:14.732322', 'YarnArt ROSEGARDEN цвет Розовый / Бордовый / Серый / Темно-серый
250гр/1000 метров
100% хлопок', 599, 'Market', 'Пряжа Yarnart ROSEGARDEN цвет 313', 'Турция', 5);
INSERT INTO public.product (id, date_time, description, price, seller, title, warehouse, category_id) VALUES (9, '2022-12-11 16:52:08.443383', 'YarnArt ROSEGARDEN цвет Белый / Розовый / Красный / Бордовый
250гр/1000 метров
100% хлопок', 599, 'Market', 'Пряжа Yarnart ROSEGARDEN цвет 304', 'Турция', 5);
INSERT INTO public.product (id, date_time, description, price, seller, title, warehouse, category_id) VALUES (11, '2022-12-11 16:54:44.689865', 'YarnArt ROSEGARDEN цвет Желтый / Зелёный / Голубой / Синий
250гр/1000 метров
100% хлопок', 599, 'Market', 'Пряжа Yarnart ROSEGARDEN цвет 310', 'Турция', 5);
INSERT INTO public.product (id, date_time, description, price, seller, title, warehouse, category_id) VALUES (10, NULL, 'YarnArt ROSEGARDEN цвет Белый / Голубой / Синий / Темно-синий
250гр/1000 метров
100% хлопок', 599, 'Market', 'Пряжа Yarnart ROSEGARDEN цвет 305', 'Турция', 5);
INSERT INTO public.product (id, date_time, description, price, seller, title, warehouse, category_id) VALUES (12, '2022-12-11 17:00:04.390027', 'Мягкая пряжа пестрых расцветок, разработана специально для детских вещей. Нить секционного крашения, при вязании на гладком полотне образуются разноцветные ряды. Изготовлена из акрила премиального качества, приятная к телу, практичная в ношении, не колется и не вызывает аллергии.

YarnArt flowers
50гр/200 метров
55% хлопок,
45% полиакрил', 89, 'Ozon', 'Пряжа Yarnart Flowers Unicolor цвет 760', 'Турция', 5);
INSERT INTO public.product (id, date_time, description, price, seller, title, warehouse, category_id) VALUES (13, '2022-12-11 17:01:06.740406', 'Мягкая пряжа пестрых расцветок, разработана специально для детских вещей. Нить секционного крашения, при вязании на гладком полотне образуются разноцветные ряды. Изготовлена из акрила премиального качества, приятная к телу, практичная в ношении, не колется и не вызывает аллергии.

YarnArt flowers
50гр/200 метров
55% хлопок,
45% полиакрил', 89, 'Ozon', 'Пряжа Yarnart Flowers Unicolor цвет 755', 'Турция', 5);
INSERT INTO public.product (id, date_time, description, price, seller, title, warehouse, category_id) VALUES (14, '2022-12-11 17:02:25.685551', 'Мягкая пряжа пестрых расцветок, разработана специально для детских вещей. Нить секционного крашения, при вязании на гладком полотне образуются разноцветные ряды. Изготовлена из акрила премиального качества, приятная к телу, практичная в ношении, не колется и не вызывает аллергии.

YarnArt flowers
50гр/200 метров
55% хлопок,
45% полиакрил', 89, 'Ozon', 'Пряжа Yarnart Flowers Unicolor цвет 737', 'Турция', 5);
INSERT INTO public.product (id, date_time, description, price, seller, title, warehouse, category_id) VALUES (15, '2022-12-11 17:03:34.52557', 'Мягкая пряжа пестрых расцветок, разработана специально для детских вещей. Нить секционного крашения, при вязании на гладком полотне образуются разноцветные ряды. Изготовлена из акрила премиального качества, приятная к телу, практичная в ношении, не колется и не вызывает аллергии.

YarnArt flowers
50гр/200 метров
55% хлопок,
45% полиакрил', 89, 'Ozon', 'Пряжа Yarnart Flowers Unicolor цвет 762', 'Турция', 5);
INSERT INTO public.product (id, date_time, description, price, seller, title, warehouse, category_id) VALUES (1, NULL, 'Вес мотка: 100г
Длина нити на вес мотка: 400м
92% Микрофибра (Акрил) / 8% Эластан', 339, 'Market', 'Пряжа Alize Diva Stretch цвет 488', 'Турция', 1);


--
-- Data for Name: product_cart; Type: TABLE DATA; Schema: public; Owner: postgres
--



--
-- Name: category_id_seq; Type: SEQUENCE SET; Schema: public; Owner: postgres
--

SELECT pg_catalog.setval('public.category_id_seq', 10, true);


--
-- Name: image_id_seq; Type: SEQUENCE SET; Schema: public; Owner: postgres
--

SELECT pg_catalog.setval('public.image_id_seq', 1, false);


--
-- Name: orders_id_seq; Type: SEQUENCE SET; Schema: public; Owner: postgres
--

SELECT pg_catalog.setval('public.orders_id_seq', 10, true);


--
-- Name: person_id_seq; Type: SEQUENCE SET; Schema: public; Owner: postgres
--

SELECT pg_catalog.setval('public.person_id_seq', 1, false);


--
-- Name: product_cart_id_seq; Type: SEQUENCE SET; Schema: public; Owner: postgres
--

SELECT pg_catalog.setval('public.product_cart_id_seq', 13, true);


--
-- Name: product_id_seq; Type: SEQUENCE SET; Schema: public; Owner: postgres
--

SELECT pg_catalog.setval('public.product_id_seq', 11, true);


--
-- Name: category category_pkey; Type: CONSTRAINT; Schema: public; Owner: postgres
--

ALTER TABLE ONLY public.category
    ADD CONSTRAINT category_pkey PRIMARY KEY (id);


--
-- Name: image image_pkey; Type: CONSTRAINT; Schema: public; Owner: postgres
--

ALTER TABLE ONLY public.image
    ADD CONSTRAINT image_pkey PRIMARY KEY (id);


--
-- Name: orders orders_pkey; Type: CONSTRAINT; Schema: public; Owner: postgres
--

ALTER TABLE ONLY public.orders
    ADD CONSTRAINT orders_pkey PRIMARY KEY (id);


--
-- Name: person person_pkey; Type: CONSTRAINT; Schema: public; Owner: postgres
--

ALTER TABLE ONLY public.person
    ADD CONSTRAINT person_pkey PRIMARY KEY (id);


--
-- Name: product_cart product_cart_pkey; Type: CONSTRAINT; Schema: public; Owner: postgres
--

ALTER TABLE ONLY public.product_cart
    ADD CONSTRAINT product_cart_pkey PRIMARY KEY (id);


--
-- Name: product product_pkey; Type: CONSTRAINT; Schema: public; Owner: postgres
--

ALTER TABLE ONLY public.product
    ADD CONSTRAINT product_pkey PRIMARY KEY (id);


--
-- Name: category uk_46ccwnsi9409t36lurvtyljak; Type: CONSTRAINT; Schema: public; Owner: postgres
--

ALTER TABLE ONLY public.category
    ADD CONSTRAINT uk_46ccwnsi9409t36lurvtyljak UNIQUE (name);


--
-- Name: product uk_qka6vxqdy1dprtqnx9trdd47c; Type: CONSTRAINT; Schema: public; Owner: postgres
--

ALTER TABLE ONLY public.product
    ADD CONSTRAINT uk_qka6vxqdy1dprtqnx9trdd47c UNIQUE (title);


--
-- Name: orders fk1b0m4muwx1t377w9if3w6wwqn; Type: FK CONSTRAINT; Schema: public; Owner: postgres
--

ALTER TABLE ONLY public.orders
    ADD CONSTRAINT fk1b0m4muwx1t377w9if3w6wwqn FOREIGN KEY (person_id) REFERENCES public.person(id);


--
-- Name: product fk1mtsbur82frn64de7balymq9s; Type: FK CONSTRAINT; Schema: public; Owner: postgres
--

ALTER TABLE ONLY public.product
    ADD CONSTRAINT fk1mtsbur82frn64de7balymq9s FOREIGN KEY (category_id) REFERENCES public.category(id);


--
-- Name: orders fk787ibr3guwp6xobrpbofnv7le; Type: FK CONSTRAINT; Schema: public; Owner: postgres
--

ALTER TABLE ONLY public.orders
    ADD CONSTRAINT fk787ibr3guwp6xobrpbofnv7le FOREIGN KEY (product_id) REFERENCES public.product(id);


--
-- Name: image fkgpextbyee3uk9u6o2381m7ft1; Type: FK CONSTRAINT; Schema: public; Owner: postgres
--

ALTER TABLE ONLY public.image
    ADD CONSTRAINT fkgpextbyee3uk9u6o2381m7ft1 FOREIGN KEY (product_id) REFERENCES public.product(id);


--
-- Name: product_cart fkhpnrxdy3jhujameyod08ilvvw; Type: FK CONSTRAINT; Schema: public; Owner: postgres
--

ALTER TABLE ONLY public.product_cart
    ADD CONSTRAINT fkhpnrxdy3jhujameyod08ilvvw FOREIGN KEY (product_id) REFERENCES public.product(id);


--
-- Name: product_cart fksgnkc1ko2i1o9yr2p63ysq3rn; Type: FK CONSTRAINT; Schema: public; Owner: postgres
--

ALTER TABLE ONLY public.product_cart
    ADD CONSTRAINT fksgnkc1ko2i1o9yr2p63ysq3rn FOREIGN KEY (person_id) REFERENCES public.person(id);


--
-- PostgreSQL database dump complete
--

